{"cameraMode":{"drawMode":0,"name":"Shaded","section":"Shading Mode"},"sceneLighting":true,"audioPlay":false,"sceneViewState":{"m_AlwaysRefresh":false,"showFog":true,"showSkybox":true,"showFlares":true,"showImageEffects":true,"showParticleSystems":true,"showVisualEffectGraphs":true,"m_FxEnabled":true},"in2DMode":false,"pivot":{"x":-0.26496779918670657,"y":0.30492377281188967,"z":0.07692766189575196},"rotation":{"x":-0.10390476882457733,"y":0.8911306858062744,"z":-0.2584753930568695,"w":-0.35820022225379946},"size":3.2500460147857668,"orthographic":false}